Episode,NumOfEpisodes,Epsilon,lr,Reward,Frames
0, 3000, 1.0, 0.00025, -34.48, 325
1, 3000, 1.0, 0.00025, -34.85, 338
2, 3000, 0.999378, 0.00025, -15.25, 328
3, 3000, 0.998722, 0.00025, -41.54, 336
4, 3000, 0.99805, 0.00025, -61.90, 332
5, 3000, 0.997386, 0.00025, -15.44, 338
6, 3000, 0.99671, 0.00025, -63.93, 332
7, 3000, 0.996046, 0.00025, -61.54, 333
8, 3000, 0.99538, 0.00025, -41.58, 333
9, 3000, 0.994714, 0.00025, -53.57, 332
10, 3000, 0.99405, 0.00025, -63.93, 336
11, 3000, 0.993378, 0.00025, -37.50, 328
12, 3000, 0.992722, 0.00025, -23.88, 331
13, 3000, 0.99206, 0.00025, -33.99, 333
14, 3000, 0.991394, 0.00025, -52.98, 336
15, 3000, 0.990722, 0.00025, -15.79, 329
16, 3000, 0.990064, 0.00025, -34.71, 337
17, 3000, 0.98939, 0.00025, -21.43, 338
18, 3000, 0.988714, 0.00025, -20.29, 334
19, 3000, 0.988046, 0.00025, -33.10, 338
20, 3000, 0.98737, 0.00025, -16.94, 333
21, 3000, 0.986704, 0.00025, -27.01, 321
22, 3000, 0.986062, 0.00025, -31.82, 334
23, 3000, 0.985394, 0.00025, -71.01, 340
24, 3000, 0.984714, 0.00025, -16.96, 327
25, 3000, 0.98406, 0.00025, -30.56, 341
26, 3000, 0.983378, 0.00025, -41.18, 336
27, 3000, 0.982706, 0.00025, -21.64, 334
28, 3000, 0.982038, 0.00025, -15.49, 340
29, 3000, 0.981358, 0.00025, -24.59, 327
30, 3000, 0.980704, 0.00025, -41.67, 329
31, 3000, 0.980046, 0.00025, -39.02, 331
32, 3000, 0.979384, 0.00025, -32.20, 334
33, 3000, 0.978716, 0.00025, 0.69, 338
34, 3000, 0.97804, 0.00025, -70.97, 335
35, 3000, 0.97737, 0.00025, -51.85, 336
36, 3000, 0.976698, 0.00025, -56.20, 337
37, 3000, 0.976024, 0.00025, -28.81, 334
38, 3000, 0.975356, 0.00025, -37.04, 334
39, 3000, 0.974688, 0.00025, -15.13, 332
40, 3000, 0.974024, 0.00025, -33.96, 331
41, 3000, 0.973362, 0.00025, -71.43, 336
42, 3000, 0.97269, 0.00025, -73.33, 332
43, 3000, 0.9720260000000001, 0.00025, -49.66, 334
44, 3000, 0.9713579999999999, 0.00025, -64.66, 340
45, 3000, 0.970678, 0.00025, -68.31, 332
46, 3000, 0.970014, 0.00025, -64.05, 324
47, 3000, 0.969366, 0.00025, -59.56, 326
48, 3000, 0.968714, 0.00025, -21.77, 341
49, 3000, 0.968032, 0.00025, -48.63, 331
50, 3000, 0.96737, 0.00025, -70.91, 328
51, 3000, 0.966714, 0.00025, -24.24, 333
52, 3000, 0.966048, 0.00025, -12.55, 340
53, 3000, 0.965368, 0.00025, -22.56, 332
54, 3000, 0.964704, 0.00025, -34.26, 337
55, 3000, 0.9640299999999999, 0.00025, -62.33, 339
56, 3000, 0.963352, 0.00025, -38.31, 339
57, 3000, 0.962674, 0.00025, -56.66, 334
58, 3000, 0.962006, 0.00025, -30.82, 334
59, 3000, 0.961338, 0.00025, 34.33, 341
60, 3000, 0.960656, 0.00025, -55.41, 328
61, 3000, 0.96, 0.00025, -62.46, 338
62, 3000, 0.959324, 0.00025, -22.56, 328
63, 3000, 0.958668, 0.00025, -49.61, 327
64, 3000, 0.958014, 0.00025, -9.09, 350
65, 3000, 0.957314, 0.00025, -20.75, 330
66, 3000, 0.956654, 0.00025, -47.57, 340
67, 3000, 0.955974, 0.00025, -21.82, 330
68, 3000, 0.955314, 0.00025, -40.79, 335
69, 3000, 0.954644, 0.00025, -29.26, 337
70, 3000, 0.95397, 0.00025, -43.52, 339
71, 3000, 0.953292, 0.00025, -31.95, 335
72, 3000, 0.952622, 0.00025, -32.43, 332
73, 3000, 0.951958, 0.00025, -19.54, 327
74, 3000, 0.951304, 0.00025, -0.37, 333
75, 3000, 0.950638, 0.00025, -26.28, 340
76, 3000, 0.949958, 0.00025, -40.12, 337
77, 3000, 0.949284, 0.00025, -45.05, 330
78, 3000, 0.948624, 0.00025, -62.59, 334
79, 3000, 0.947956, 0.00025, -29.82, 333
80, 3000, 0.94729, 0.00025, -49.01, 329
81, 3000, 0.946632, 0.00025, -21.64, 324
82, 3000, 0.945984, 0.00025, -65.87, 331
83, 3000, 0.945322, 0.00025, -29.33, 335
84, 3000, 0.944652, 0.00025, -70.33, 331
85, 3000, 0.94399, 0.00025, -37.09, 330
86, 3000, 0.94333, 0.00025, -26.06, 325
87, 3000, 0.94268, 0.00025, -5.59, 335
88, 3000, 0.94201, 0.00025, -7.53, 331
89, 3000, 0.941348, 0.00025, -15.13, 339
90, 3000, 0.94067, 0.00025, 10.76, 328
91, 3000, 0.940014, 0.00025, -31.97, 336
92, 3000, 0.939342, 0.00025, -19.86, 332
93, 3000, 0.938678, 0.00025, -36.91, 324
94, 3000, 0.93803, 0.00025, -36.17, 325
95, 3000, 0.93738, 0.00025, -59.56, 328
96, 3000, 0.936724, 0.00025, -29.63, 333
97, 3000, 0.9360580000000001, 0.00025, -52.03, 332
98, 3000, 0.9353940000000001, 0.00025, -35.58, 336
99, 3000, 0.934722, 0.00025, -27.87, 329
100, 3000, 0.934064, 0.00025, -25.27, 333
101, 3000, 0.933398, 0.00025, -27.87, 340
102, 3000, 0.932718, 0.00025, -25.42, 336
103, 3000, 0.932046, 0.00025, -46.56, 331
104, 3000, 0.931384, 0.00025, -12.73, 326
105, 3000, 0.930732, 0.00025, -13.95, 327
106, 3000, 0.930078, 0.00025, 5.44, 329
107, 3000, 0.92942, 0.00025, 5.88, 346
108, 3000, 0.928728, 0.00025, -24.14, 327
109, 3000, 0.928074, 0.00025, 5.84, 333
110, 3000, 0.927408, 0.00025, -16.39, 335
111, 3000, 0.9267380000000001, 0.00025, -37.87, 337
112, 3000, 0.926064, 0.00025, 4.17, 335
113, 3000, 0.925394, 0.00025, -22.12, 332
114, 3000, 0.92473, 0.00025, -14.18, 329
115, 3000, 0.924072, 0.00025, -64.63, 325
116, 3000, 0.923422, 0.00025, -25.00, 343
117, 3000, 0.922736, 0.00025, -26.83, 337
118, 3000, 0.922062, 0.00025, -6.98, 337
119, 3000, 0.921388, 0.00025, -31.74, 324
120, 3000, 0.92074, 0.00025, -24.73, 337
121, 3000, 0.920066, 0.00025, -16.35, 328
122, 3000, 0.9194100000000001, 0.00025, -55.06, 337
123, 3000, 0.918736, 0.00025, -27.59, 334
124, 3000, 0.918068, 0.00025, -165.93, 313
125, 3000, 0.917442, 0.00025, 57.53, 329
126, 3000, 0.916784, 0.00025, 35.23, 334
127, 3000, 0.916116, 0.00025, -26.52, 327
128, 3000, 0.915462, 0.00025, -67.74, 336
129, 3000, 0.91479, 0.00025, -27.22, 327
130, 3000, 0.9141360000000001, 0.00025, -15.79, 329
131, 3000, 0.913478, 0.00025, -36.62, 340
132, 3000, 0.912798, 0.00025, -40.99, 342
133, 3000, 0.912114, 0.00025, -27.08, 331
134, 3000, 0.911452, 0.00025, -29.33, 336
135, 3000, 0.91078, 0.00025, -29.53, 339
136, 3000, 0.910102, 0.00025, -41.86, 332
137, 3000, 0.909438, 0.00025, -20.42, 335
138, 3000, 0.908768, 0.00025, -14.75, 334
139, 3000, 0.9081, 0.00025, -55.56, 339
140, 3000, 0.907422, 0.00025, -43.52, 336
141, 3000, 0.90675, 0.00025, -9.45, 336
142, 3000, 0.9060779999999999, 0.00025, -32.20, 323
143, 3000, 0.905432, 0.00025, -19.61, 334
144, 3000, 0.904764, 0.00025, -38.05, 338
145, 3000, 0.904088, 0.00025, -39.07, 338
146, 3000, 0.903412, 0.00025, -31.15, 330
147, 3000, 0.902752, 0.00025, -38.93, 326
148, 3000, 0.9021, 0.00025, -36.62, 333
149, 3000, 0.901434, 0.00025, -31.82, 336
150, 3000, 0.900762, 0.00025, -31.03, 344
151, 3000, 0.900074, 0.00025, -52.22, 332
152, 3000, 0.89941, 0.00025, -60.84, 333
153, 3000, 0.898744, 0.00025, -34.26, 334
154, 3000, 0.898076, 0.00025, -36.17, 332
155, 3000, 0.897412, 0.00025, -45.53, 337
156, 3000, 0.896738, 0.00025, -53.33, 329
157, 3000, 0.89608, 0.00025, -11.88, 330
158, 3000, 0.89542, 0.00025, -44.06, 337
159, 3000, 0.894746, 0.00025, 30.60, 334
160, 3000, 0.894078, 0.00025, -48.81, 329
161, 3000, 0.89342, 0.00025, -20.00, 324
162, 3000, 0.892772, 0.00025, -3.97, 334
163, 3000, 0.892104, 0.00025, -14.47, 338
164, 3000, 0.891428, 0.00025, -60.12, 335
165, 3000, 0.8907579999999999, 0.00025, -29.03, 332
166, 3000, 0.8900939999999999, 0.00025, -1.57, 331
167, 3000, 0.889432, 0.00025, -57.14, 335
168, 3000, 0.888762, 0.00025, -28.83, 335
169, 3000, 0.888092, 0.00025, -53.08, 331
170, 3000, 0.8874299999999999, 0.00025, -34.38, 339
171, 3000, 0.886752, 0.00025, -29.75, 333
172, 3000, 0.886086, 0.00025, -58.33, 340
173, 3000, 0.885406, 0.00025, -37.06, 332
174, 3000, 0.884742, 0.00025, -58.19, 330
175, 3000, 0.884082, 0.00025, -33.80, 336
176, 3000, 0.88341, 0.00025, -30.23, 337
177, 3000, 0.882736, 0.00025, -25.27, 329
178, 3000, 0.882078, 0.00025, -29.82, 332
179, 3000, 0.881414, 0.00025, -18.03, 337
180, 3000, 0.88074, 0.00025, -49.81, 338
181, 3000, 0.880064, 0.00025, -17.32, 333
182, 3000, 0.879398, 0.00025, -20.27, 333
183, 3000, 0.878732, 0.00025, -22.79, 327
184, 3000, 0.878078, 0.00025, 13.07, 334
185, 3000, 0.87741, 0.00025, -53.33, 337
186, 3000, 0.876736, 0.00025, -22.58, 334
187, 3000, 0.876068, 0.00025, -70.37, 336
188, 3000, 0.875396, 0.00025, -25.53, 334
189, 3000, 0.874728, 0.00025, -38.78, 332
190, 3000, 0.874064, 0.00025, -28.57, 338
191, 3000, 0.873388, 0.00025, -43.66, 323
192, 3000, 0.872742, 0.00025, -58.70, 336
193, 3000, 0.87207, 0.00025, -58.90, 339
194, 3000, 0.8713919999999999, 0.00025, -22.48, 339
195, 3000, 0.870714, 0.00025, -51.30, 335
196, 3000, 0.870044, 0.00025, -48.88, 330
197, 3000, 0.8693839999999999, 0.00025, -48.53, 334
198, 3000, 0.868716, 0.00025, -46.24, 336
199, 3000, 0.868044, 0.00025, -22.48, 330
200, 3000, 0.8673839999999999, 0.00025, -58.20, 342
201, 3000, 0.8667, 0.00025, -34.71, 334
202, 3000, 0.866032, 0.00025, 29.37, 338
203, 3000, 0.865356, 0.00025, -31.82, 329
204, 3000, 0.864698, 0.00025, -36.88, 332
205, 3000, 0.864034, 0.00025, -39.94, 345
206, 3000, 0.863344, 0.00025, -23.08, 334
207, 3000, 0.862676, 0.00025, -28.83, 335
208, 3000, 0.862006, 0.00025, -38.84, 344
209, 3000, 0.861318, 0.00025, -39.39, 336
210, 3000, 0.860646, 0.00025, -29.82, 332
211, 3000, 0.859982, 0.00025, -48.55, 332
212, 3000, 0.859318, 0.00025, -33.33, 336
213, 3000, 0.858646, 0.00025, -31.37, 329
214, 3000, 0.857988, 0.00025, -32.20, 340
215, 3000, 0.857308, 0.00025, -26.42, 337
216, 3000, 0.856634, 0.00025, -39.39, 341
217, 3000, 0.855952, 0.00025, -15.82, 337
218, 3000, 0.855278, 0.00025, -11.11, 339
219, 3000, 0.8546, 0.00025, -19.50, 332
220, 3000, 0.853936, 0.00025, -24.76, 336
221, 3000, 0.853264, 0.00025, -21.05, 326
222, 3000, 0.852612, 0.00025, -6.25, 336
223, 3000, 0.85194, 0.00025, -27.22, 323
224, 3000, 0.851294, 0.00025, -37.50, 344
225, 3000, 0.850606, 0.00025, -24.34, 330
226, 3000, 0.849946, 0.00025, -17.24, 333
227, 3000, 0.84928, 0.00025, -17.22, 337
228, 3000, 0.848606, 0.00025, -56.68, 335
229, 3000, 0.847936, 0.00025, -35.19, 334
230, 3000, 0.847268, 0.00025, 7.01, 333
231, 3000, 0.846602, 0.00025, -14.89, 333
232, 3000, 0.845936, 0.00025, -20.00, 333
233, 3000, 0.84527, 0.00025, -29.82, 338
234, 3000, 0.8445940000000001, 0.00025, 16.28, 336
235, 3000, 0.8439220000000001, 0.00025, -36.67, 337
236, 3000, 0.843248, 0.00025, 2.47, 332
237, 3000, 0.842584, 0.00025, -25.37, 342
238, 3000, 0.8419, 0.00025, -17.81, 333
239, 3000, 0.841234, 0.00025, -32.89, 333
240, 3000, 0.840568, 0.00025, -45.26, 341
241, 3000, 0.839886, 0.00025, -13.04, 331
242, 3000, 0.839224, 0.00025, -33.80, 330
243, 3000, 0.838564, 0.00025, -45.95, 335
244, 3000, 0.837894, 0.00025, 20.92, 352
245, 3000, 0.83719, 0.00025, -46.13, 337
246, 3000, 0.836516, 0.00025, -40.44, 341
247, 3000, 0.835834, 0.00025, 46.26, 327
248, 3000, 0.83518, 0.00025, 39.62, 330
249, 3000, 0.83452, 0.00025, 2.94, 340
250, 3000, 0.83384, 0.00025, -39.39, 332
251, 3000, 0.833176, 0.00025, -51.56, 333
252, 3000, 0.83251, 0.00025, -13.86, 338
253, 3000, 0.831834, 0.00025, -142.40, 270
254, 3000, 0.831294, 0.00025, 29.03, 338
255, 3000, 0.830618, 0.00025, -14.40, 335
256, 3000, 0.829948, 0.00025, -19.23, 332
257, 3000, 0.829284, 0.00025, 51.62, 335
258, 3000, 0.828614, 0.00025, 34.43, 333
259, 3000, 0.827948, 0.00025, -42.86, 333
260, 3000, 0.827282, 0.00025, -44.85, 319
261, 3000, 0.8266439999999999, 0.00025, -62.15, 325
262, 3000, 0.825994, 0.00025, -32.26, 327
263, 3000, 0.82534, 0.00025, 5.63, 335
264, 3000, 0.82467, 0.00025, -36.67, 338
265, 3000, 0.823994, 0.00025, -48.22, 325
266, 3000, 0.823344, 0.00025, -57.75, 335
267, 3000, 0.822674, 0.00025, -17.46, 331
268, 3000, 0.822012, 0.00025, -39.72, 334
269, 3000, 0.821344, 0.00025, 32.01, 334
270, 3000, 0.820676, 0.00025, -70.37, 333
271, 3000, 0.82001, 0.00025, -15.49, 337
272, 3000, 0.8193360000000001, 0.00025, -12.21, 336
273, 3000, 0.8186640000000001, 0.00025, 11.50, 327
274, 3000, 0.81801, 0.00025, -121.43, 296
275, 3000, 0.817418, 0.00025, -29.82, 336
276, 3000, 0.816746, 0.00025, 63.82, 333
277, 3000, 0.81608, 0.00025, 60.26, 338
278, 3000, 0.815404, 0.00025, -46.43, 331
279, 3000, 0.814742, 0.00025, 10.29, 329
280, 3000, 0.814084, 0.00025, -28.80, 334
281, 3000, 0.813416, 0.00025, -12.28, 334
282, 3000, 0.812748, 0.00025, 40.79, 333
283, 3000, 0.812082, 0.00025, -17.81, 336
284, 3000, 0.81141, 0.00025, -42.12, 330
285, 3000, 0.81075, 0.00025, -29.88, 332
286, 3000, 0.810086, 0.00025, -40.59, 332
287, 3000, 0.809422, 0.00025, -5.84, 330
288, 3000, 0.808762, 0.00025, -12.89, 330
289, 3000, 0.808102, 0.00025, -19.87, 336
290, 3000, 0.80743, 0.00025, -9.70, 335
291, 3000, 0.80676, 0.00025, -34.21, 345
292, 3000, 0.8060700000000001, 0.00025, -7.14, 326
293, 3000, 0.805418, 0.00025, -28.10, 326
294, 3000, 0.804766, 0.00025, -63.70, 338
295, 3000, 0.80409, 0.00025, -2.26, 326
296, 3000, 0.803438, 0.00025, 50.50, 330
297, 3000, 0.802778, 0.00025, 19.40, 331
298, 3000, 0.802116, 0.00025, 6.11, 330
299, 3000, 0.801456, 0.00025, -22.33, 336
300, 3000, 0.8007839999999999, 0.00025, -29.03, 338
301, 3000, 0.800108, 0.00025, -21.99, 346
302, 3000, 0.799416, 0.00025, -27.54, 339
303, 3000, 0.798738, 0.00025, -25.53, 345
304, 3000, 0.798048, 0.00025, -3.57, 333
305, 3000, 0.797382, 0.00025, 60.84, 332
306, 3000, 0.796718, 0.00025, -37.91, 341
307, 3000, 0.796036, 0.00025, -61.94, 335
308, 3000, 0.795366, 0.00025, -60.49, 336
309, 3000, 0.794694, 0.00025, -67.51, 330
310, 3000, 0.794034, 0.00025, 14.70, 331
311, 3000, 0.793372, 0.00025, -15.38, 339
312, 3000, 0.792694, 0.00025, 23.55, 337
313, 3000, 0.79202, 0.00025, -27.01, 322
314, 3000, 0.791376, 0.00025, 47.24, 335
315, 3000, 0.790706, 0.00025, -29.08, 331
316, 3000, 0.790044, 0.00025, 82.46, 343
317, 3000, 0.789358, 0.00025, -32.14, 332
318, 3000, 0.788694, 0.00025, -157.33, 275
319, 3000, 0.788144, 0.00025, -31.51, 336
320, 3000, 0.787472, 0.00025, -19.01, 334
321, 3000, 0.7868040000000001, 0.00025, 24.59, 326
322, 3000, 0.786152, 0.00025, 60.77, 328
323, 3000, 0.785496, 0.00025, -48.45, 333
324, 3000, 0.78483, 0.00025, -62.85, 336
325, 3000, 0.784158, 0.00025, 61.87, 330
326, 3000, 0.783498, 0.00025, 0.81, 331
327, 3000, 0.782836, 0.00025, -42.86, 334
328, 3000, 0.782168, 0.00025, -23.88, 331
329, 3000, 0.781506, 0.00025, -14.01, 334
330, 3000, 0.780838, 0.00025, -29.77, 338
331, 3000, 0.780162, 0.00025, 24.54, 335
332, 3000, 0.779492, 0.00025, -1.10, 334
333, 3000, 0.778824, 0.00025, 36.20, 336
334, 3000, 0.778152, 0.00025, -143.46, 291
335, 3000, 0.77757, 0.00025, 54.44, 331
336, 3000, 0.7769079999999999, 0.00025, -15.19, 337
337, 3000, 0.776234, 0.00025, 54.36, 334
338, 3000, 0.775566, 0.00025, 2.99, 335
339, 3000, 0.774896, 0.00025, 126.95, 339
340, 3000, 0.774218, 0.00025, 24.11, 326
341, 3000, 0.773566, 0.00025, 10.34, 343
342, 3000, 0.77288, 0.00025, -26.04, 327
343, 3000, 0.772226, 0.00025, -38.84, 336
344, 3000, 0.771554, 0.00025, 66.01, 328
345, 3000, 0.770898, 0.00025, -40.99, 323
346, 3000, 0.7702519999999999, 0.00025, -26.74, 330
347, 3000, 0.769592, 0.00025, -18.37, 332
348, 3000, 0.7689280000000001, 0.00025, -58.21, 332
349, 3000, 0.7682640000000001, 0.00025, 32.69, 338
350, 3000, 0.7675879999999999, 0.00025, -36.24, 323
351, 3000, 0.766942, 0.00025, 25.98, 330
352, 3000, 0.766282, 0.00025, 6.06, 336
353, 3000, 0.76561, 0.00025, -31.90, 323
354, 3000, 0.764964, 0.00025, 5.08, 334
355, 3000, 0.764296, 0.00025, -10.39, 343
356, 3000, 0.76361, 0.00025, -19.58, 333
357, 3000, 0.7629440000000001, 0.00025, 48.15, 338
358, 3000, 0.762268, 0.00025, 33.54, 334
359, 3000, 0.7616, 0.00025, 50.33, 333
360, 3000, 0.760934, 0.00025, 9.43, 325
361, 3000, 0.760284, 0.00025, -35.15, 331
362, 3000, 0.759622, 0.00025, -4.94, 334
363, 3000, 0.758954, 0.00025, -26.57, 333
364, 3000, 0.758288, 0.00025, -2.36, 324
365, 3000, 0.75764, 0.00025, -22.82, 329
366, 3000, 0.756982, 0.00025, -29.77, 335
367, 3000, 0.756312, 0.00025, -39.29, 336
368, 3000, 0.75564, 0.00025, -36.09, 345
369, 3000, 0.75495, 0.00025, -64.29, 332
370, 3000, 0.754286, 0.00025, -36.31, 334
371, 3000, 0.753618, 0.00025, 9.02, 336
372, 3000, 0.752946, 0.00025, -43.33, 329
373, 3000, 0.7522880000000001, 0.00025, 0.98, 329
374, 3000, 0.75163, 0.00025, -20.00, 337
375, 3000, 0.750956, 0.00025, -49.85, 326
376, 3000, 0.750304, 0.00025, -42.12, 335
377, 3000, 0.749634, 0.00025, 47.17, 334
378, 3000, 0.748966, 0.00025, -6.67, 346
379, 3000, 0.748274, 0.00025, -54.10, 334
380, 3000, 0.747606, 0.00025, -18.83, 330
381, 3000, 0.746946, 0.00025, -4.11, 338
382, 3000, 0.74627, 0.00025, -43.57, 332
383, 3000, 0.745606, 0.00025, -31.82, 330
384, 3000, 0.744946, 0.00025, -32.91, 340
385, 3000, 0.744266, 0.00025, -17.81, 331
386, 3000, 0.7436039999999999, 0.00025, -53.35, 331
387, 3000, 0.742942, 0.00025, 14.94, 346
388, 3000, 0.7422500000000001, 0.00025, -49.21, 333
389, 3000, 0.741584, 0.00025, -47.76, 329
390, 3000, 0.740926, 0.00025, 76.00, 334
391, 3000, 0.7402580000000001, 0.00025, -28.32, 335
392, 3000, 0.739588, 0.00025, 24.54, 340
393, 3000, 0.738908, 0.00025, -30.23, 339
394, 3000, 0.7382299999999999, 0.00025, -112.25, 324
395, 3000, 0.737582, 0.00025, -29.26, 331
396, 3000, 0.73692, 0.00025, 11.84, 332
397, 3000, 0.736256, 0.00025, -22.79, 326
398, 3000, 0.7356039999999999, 0.00025, 26.62, 327
399, 3000, 0.73495, 0.00025, -42.86, 334
400, 3000, 0.734282, 0.00025, 32.40, 334
401, 3000, 0.733614, 0.00025, 97.41, 326
402, 3000, 0.732962, 0.00025, -146.83, 313
403, 3000, 0.732336, 0.00025, -28.33, 340
404, 3000, 0.731656, 0.00025, 53.31, 330
405, 3000, 0.730996, 0.00025, -46.36, 338
406, 3000, 0.7303200000000001, 0.00025, -22.48, 333
407, 3000, 0.729654, 0.00025, -61.54, 335
408, 3000, 0.7289840000000001, 0.00025, -49.46, 331
409, 3000, 0.728322, 0.00025, -5.30, 329
410, 3000, 0.727664, 0.00025, -116.41, 229
411, 3000, 0.727206, 0.00025, 82.84, 336
412, 3000, 0.726534, 0.00025, 50.38, 329
413, 3000, 0.725876, 0.00025, 69.74, 330
414, 3000, 0.7252160000000001, 0.00025, -58.33, 326
415, 3000, 0.724564, 0.00025, -36.88, 330
416, 3000, 0.723904, 0.00025, 22.03, 332
417, 3000, 0.72324, 0.00025, 47.37, 327
418, 3000, 0.722586, 0.00025, -26.32, 335
419, 3000, 0.721916, 0.00025, -27.34, 337
420, 3000, 0.7212419999999999, 0.00025, -20.29, 335
421, 3000, 0.720572, 0.00025, -23.57, 332
422, 3000, 0.719908, 0.00025, -14.40, 339
423, 3000, 0.71923, 0.00025, -12.35, 328
424, 3000, 0.718574, 0.00025, 15.65, 331
425, 3000, 0.717912, 0.00025, 18.28, 334
426, 3000, 0.717244, 0.00025, -37.29, 335
427, 3000, 0.716574, 0.00025, -19.41, 331
428, 3000, 0.715912, 0.00025, -28.10, 322
429, 3000, 0.715268, 0.00025, -16.67, 337
430, 3000, 0.714594, 0.00025, -26.42, 326
431, 3000, 0.7139420000000001, 0.00025, 30.43, 337
432, 3000, 0.713268, 0.00025, 1.80, 342
433, 3000, 0.712584, 0.00025, -27.01, 331
434, 3000, 0.7119219999999999, 0.00025, 26.76, 338
435, 3000, 0.711246, 0.00025, -41.56, 332
436, 3000, 0.710582, 0.00025, 12.73, 329
437, 3000, 0.709924, 0.00025, -28.08, 335
438, 3000, 0.709254, 0.00025, 55.71, 332
439, 3000, 0.70859, 0.00025, 8.39, 326
440, 3000, 0.707938, 0.00025, 116.56, 334
441, 3000, 0.7072700000000001, 0.00025, 15.51, 343
442, 3000, 0.706584, 0.00025, 53.59, 337
443, 3000, 0.70591, 0.00025, 27.15, 335
444, 3000, 0.70524, 0.00025, -41.18, 334
445, 3000, 0.704572, 0.00025, 155.73, 327
446, 3000, 0.703918, 0.00025, -17.91, 330
447, 3000, 0.7032579999999999, 0.00025, -26.06, 331
448, 3000, 0.702596, 0.00025, 19.60, 329
449, 3000, 0.701938, 0.00025, -4.59, 337
450, 3000, 0.701264, 0.00025, -65.01, 338
451, 3000, 0.700588, 0.00025, -60.13, 343
452, 3000, 0.699902, 0.00025, -54.86, 336
453, 3000, 0.69923, 0.00025, -15.38, 339
454, 3000, 0.6985520000000001, 0.00025, -27.63, 337
455, 3000, 0.697878, 0.00025, 56.25, 327
456, 3000, 0.6972240000000001, 0.00025, 55.56, 330
457, 3000, 0.696564, 0.00025, -21.05, 326
458, 3000, 0.695912, 0.00025, 112.54, 334
459, 3000, 0.695244, 0.00025, -108.28, 169
460, 3000, 0.694906, 0.00025, -28.06, 337
461, 3000, 0.694232, 0.00025, 104.70, 335
462, 3000, 0.693562, 0.00025, 78.18, 337
463, 3000, 0.692888, 0.00025, -46.49, 334
464, 3000, 0.6922200000000001, 0.00025, -12.28, 341
465, 3000, 0.691538, 0.00025, 110.00, 335
466, 3000, 0.690868, 0.00025, 80.45, 339
467, 3000, 0.6901900000000001, 0.00025, 75.82, 334
468, 3000, 0.689522, 0.00025, 6.01, 331
469, 3000, 0.68886, 0.00025, -4.17, 336
470, 3000, 0.688188, 0.00025, 1.27, 330
471, 3000, 0.6875279999999999, 0.00025, -43.57, 331
472, 3000, 0.686866, 0.00025, 91.92, 333
473, 3000, 0.6861999999999999, 0.00025, -16.38, 334
474, 3000, 0.685532, 0.00025, 2.31, 342
475, 3000, 0.684848, 0.00025, -0.66, 338
476, 3000, 0.684172, 0.00025, -42.75, 332
477, 3000, 0.683508, 0.00025, 31.31, 336
478, 3000, 0.682836, 0.00025, 149.04, 337
479, 3000, 0.6821619999999999, 0.00025, -50.88, 336
480, 3000, 0.6814899999999999, 0.00025, -35.58, 333
481, 3000, 0.680824, 0.00025, 57.00, 325
482, 3000, 0.6801740000000001, 0.00025, 14.48, 332
483, 3000, 0.6795100000000001, 0.00025, -23.33, 335
484, 3000, 0.67884, 0.00025, -45.62, 335
485, 3000, 0.6781699999999999, 0.00025, 35.14, 330
486, 3000, 0.6775100000000001, 0.00025, 103.13, 330
487, 3000, 0.67685, 0.00025, 46.18, 333
488, 3000, 0.676184, 0.00025, -24.24, 336
489, 3000, 0.675512, 0.00025, 26.76, 334
490, 3000, 0.674844, 0.00025, 23.78, 334
491, 3000, 0.674176, 0.00025, -4.93, 334
492, 3000, 0.673508, 0.00025, 3.56, 333
493, 3000, 0.6728419999999999, 0.00025, -2.68, 334
494, 3000, 0.672174, 0.00025, 11.97, 331
495, 3000, 0.671512, 0.00025, -18.83, 338
496, 3000, 0.670836, 0.00025, -60.00, 332
497, 3000, 0.670172, 0.00025, -51.22, 335
498, 3000, 0.669502, 0.00025, -19.68, 334
499, 3000, 0.6688339999999999, 0.00025, -53.67, 331
500, 3000, 0.668172, 0.00025, 33.11, 331
501, 3000, 0.66751, 0.00025, -26.32, 332
502, 3000, 0.666846, 0.00025, 37.68, 332
503, 3000, 0.666182, 0.00025, -31.15, 327
504, 3000, 0.665528, 0.00025, -46.04, 341
505, 3000, 0.664846, 0.00025, -62.62, 340
506, 3000, 0.664166, 0.00025, -17.29, 339
507, 3000, 0.6634880000000001, 0.00025, 41.51, 339
508, 3000, 0.66281, 0.00025, -5.41, 338
509, 3000, 0.662134, 0.00025, -54.40, 329
510, 3000, 0.661476, 0.00025, -39.29, 339
511, 3000, 0.660798, 0.00025, -33.33, 335
512, 3000, 0.660128, 0.00025, -102.53, 247
513, 3000, 0.659634, 0.00025, 23.29, 339
514, 3000, 0.658956, 0.00025, -42.62, 339
515, 3000, 0.6582779999999999, 0.00025, -52.03, 335
516, 3000, 0.657608, 0.00025, -130.90, 242
517, 3000, 0.657124, 0.00025, -51.89, 336
518, 3000, 0.656452, 0.00025, -27.87, 341
519, 3000, 0.65577, 0.00025, -4.44, 328
520, 3000, 0.655114, 0.00025, -21.99, 331
521, 3000, 0.654452, 0.00025, -103.76, 162
522, 3000, 0.654128, 0.00025, -31.37, 346
523, 3000, 0.653436, 0.00025, -37.09, 334
524, 3000, 0.652768, 0.00025, -122.25, 184
525, 3000, 0.6524, 0.00025, -21.77, 338
526, 3000, 0.651724, 0.00025, -31.74, 330
527, 3000, 0.651064, 0.00025, -24.66, 344
528, 3000, 0.6503760000000001, 0.00025, -135.25, 221
529, 3000, 0.649934, 0.00025, -47.55, 332
530, 3000, 0.64927, 0.00025, -9.45, 329
531, 3000, 0.648612, 0.00025, -75.44, 333
532, 3000, 0.647946, 0.00025, 3.20, 335
533, 3000, 0.647276, 0.00025, -43.40, 335
534, 3000, 0.646606, 0.00025, -53.13, 342
535, 3000, 0.645922, 0.00025, -37.29, 333
536, 3000, 0.645256, 0.00025, -123.62, 234
537, 3000, 0.6447879999999999, 0.00025, -91.50, 300
538, 3000, 0.644188, 0.00025, 54.15, 324
539, 3000, 0.64354, 0.00025, -73.56, 133
540, 3000, 0.643274, 0.00025, -3.11, 328
541, 3000, 0.642618, 0.00025, -6.61, 326
542, 3000, 0.641966, 0.00025, -102.26, 269
543, 3000, 0.641428, 0.00025, 170.19, 326
544, 3000, 0.640776, 0.00025, -35.59, 331
545, 3000, 0.6401140000000001, 0.00025, 125.00, 332
546, 3000, 0.6394500000000001, 0.00025, -27.22, 336
547, 3000, 0.6387780000000001, 0.00025, -17.76, 330
548, 3000, 0.638118, 0.00025, -161.54, 322
549, 3000, 0.637474, 0.00025, 122.55, 333
550, 3000, 0.636808, 0.00025, -2.36, 325
551, 3000, 0.636158, 0.00025, -25.53, 334
552, 3000, 0.63549, 0.00025, 4.09, 331
553, 3000, 0.634828, 0.00025, -23.81, 333
554, 3000, 0.634162, 0.00025, -19.30, 334
555, 3000, 0.633494, 0.00025, 146.27, 339
556, 3000, 0.632816, 0.00025, -29.77, 340
557, 3000, 0.632136, 0.00025, -43.75, 334
558, 3000, 0.6314679999999999, 0.00025, -38.18, 339
559, 3000, 0.63079, 0.00025, -31.03, 333
560, 3000, 0.630124, 0.00025, 75.76, 328
561, 3000, 0.629468, 0.00025, -24.53, 328
562, 3000, 0.6288119999999999, 0.00025, -13.79, 338
563, 3000, 0.628136, 0.00025, -52.80, 329
564, 3000, 0.627478, 0.00025, 100.00, 336
565, 3000, 0.626806, 0.00025, -13.49, 208
566, 3000, 0.62639, 0.00025, 14.19, 335
567, 3000, 0.62572, 0.00025, 176.75, 332
568, 3000, 0.6250560000000001, 0.00025, -26.67, 328
569, 3000, 0.6244000000000001, 0.00025, 23.19, 332
570, 3000, 0.6237360000000001, 0.00025, -11.56, 332
571, 3000, 0.6230720000000001, 0.00025, 32.87, 328
572, 3000, 0.6224160000000001, 0.00025, 2.94, 332
573, 3000, 0.6217520000000001, 0.00025, 20.92, 338
574, 3000, 0.621076, 0.00025, -21.77, 323
575, 3000, 0.62043, 0.00025, -42.57, 337
576, 3000, 0.619756, 0.00025, 117.86, 337
577, 3000, 0.619082, 0.00025, 89.19, 329
578, 3000, 0.618424, 0.00025, -5.96, 340
579, 3000, 0.6177440000000001, 0.00025, 5.66, 328
580, 3000, 0.6170880000000001, 0.00025, -34.11, 336
581, 3000, 0.6164160000000001, 0.00025, 2.17, 326
582, 3000, 0.615764, 0.00025, 23.67, 336
583, 3000, 0.615092, 0.00025, -40.79, 326
584, 3000, 0.61444, 0.00025, -31.51, 328
585, 3000, 0.613784, 0.00025, -21.05, 327
586, 3000, 0.61313, 0.00025, 25.87, 325
587, 3000, 0.61248, 0.00025, -29.88, 328
588, 3000, 0.6118239999999999, 0.00025, -13.19, 337
589, 3000, 0.6111500000000001, 0.00025, 25.00, 332
590, 3000, 0.610486, 0.00025, 33.83, 337
591, 3000, 0.609812, 0.00025, -15.75, 325
592, 3000, 0.609162, 0.00025, 79.64, 345
593, 3000, 0.608472, 0.00025, -4.92, 334
594, 3000, 0.607804, 0.00025, -26.67, 332
595, 3000, 0.60714, 0.00025, 34.43, 330
596, 3000, 0.60648, 0.00025, 66.67, 329
597, 3000, 0.6058220000000001, 0.00025, 3.86, 336
598, 3000, 0.6051500000000001, 0.00025, -11.04, 339
599, 3000, 0.604472, 0.00025, 66.67, 324
600, 3000, 0.603824, 0.00025, 113.86, 333
601, 3000, 0.6031580000000001, 0.00025, 165.31, 334
602, 3000, 0.60249, 0.00025, 35.92, 325
603, 3000, 0.6018399999999999, 0.00025, -34.38, 330
604, 3000, 0.60118, 0.00025, -39.93, 329
605, 3000, 0.600522, 0.00025, 106.19, 331
606, 3000, 0.5998600000000001, 0.00025, -81.79, 307
607, 3000, 0.599246, 0.00025, 7.25, 334
608, 3000, 0.598578, 0.00025, -34.91, 335
609, 3000, 0.597908, 0.00025, 116.22, 326
610, 3000, 0.597256, 0.00025, 79.10, 344
611, 3000, 0.596568, 0.00025, 18.42, 335
612, 3000, 0.595898, 0.00025, 35.48, 340
613, 3000, 0.595218, 0.00025, 186.79, 329
614, 3000, 0.59456, 0.00025, 49.09, 327
615, 3000, 0.593906, 0.00025, 27.12, 327
616, 3000, 0.593252, 0.00025, 44.93, 329
617, 3000, 0.5925940000000001, 0.00025, -22.54, 329
618, 3000, 0.591936, 0.00025, 77.08, 343
619, 3000, 0.59125, 0.00025, -15.54, 339
620, 3000, 0.590572, 0.00025, 19.45, 333
621, 3000, 0.589906, 0.00025, -34.71, 335
622, 3000, 0.589236, 0.00025, 1.97, 335
623, 3000, 0.5885659999999999, 0.00025, -4.29, 330
624, 3000, 0.587906, 0.00025, 247.33, 335
625, 3000, 0.587236, 0.00025, -1.32, 337
626, 3000, 0.586562, 0.00025, 41.10, 329
627, 3000, 0.585904, 0.00025, 37.07, 338
628, 3000, 0.5852280000000001, 0.00025, 110.33, 340
629, 3000, 0.5845480000000001, 0.00025, 44.49, 331
630, 3000, 0.583886, 0.00025, 39.68, 335
631, 3000, 0.583216, 0.00025, 31.09, 335
632, 3000, 0.582546, 0.00025, 34.28, 334
633, 3000, 0.581878, 0.00025, -34.43, 338
634, 3000, 0.581202, 0.00025, 84.30, 334
635, 3000, 0.580534, 0.00025, -74.84, 329
636, 3000, 0.5798760000000001, 0.00025, -16.30, 328
637, 3000, 0.5792200000000001, 0.00025, 4.48, 331
638, 3000, 0.578558, 0.00025, -35.19, 330
639, 3000, 0.577898, 0.00025, 94.85, 332
640, 3000, 0.577234, 0.00025, -43.86, 336
641, 3000, 0.576562, 0.00025, -35.36, 336
642, 3000, 0.57589, 0.00025, -113.50, 231
643, 3000, 0.575428, 0.00025, -23.59, 324
644, 3000, 0.5747800000000001, 0.00025, -28.57, 337
645, 3000, 0.574106, 0.00025, -54.84, 341
646, 3000, 0.5734239999999999, 0.00025, -81.66, 202
647, 3000, 0.57302, 0.00025, -13.36, 327
648, 3000, 0.5723659999999999, 0.00025, -20.96, 332
649, 3000, 0.5717019999999999, 0.00025, 172.45, 333
650, 3000, 0.571036, 0.00025, 29.50, 335
651, 3000, 0.5703659999999999, 0.00025, -66.56, 332
652, 3000, 0.5697019999999999, 0.00025, -26.75, 335
653, 3000, 0.569032, 0.00025, -18.57, 342
654, 3000, 0.5683480000000001, 0.00025, -78.52, 167
655, 3000, 0.568014, 0.00025, -70.50, 234
656, 3000, 0.567546, 0.00025, -54.86, 326
657, 3000, 0.566894, 0.00025, 18.32, 333
658, 3000, 0.566228, 0.00025, 71.33, 338
659, 3000, 0.565552, 0.00025, -51.45, 271
660, 3000, 0.56501, 0.00025, -61.27, 335
661, 3000, 0.5643400000000001, 0.00025, -9.70, 336
662, 3000, 0.5636680000000001, 0.00025, -29.49, 330
663, 3000, 0.563008, 0.00025, -99.17, 96
664, 3000, 0.562816, 0.00025, -92.16, 91
665, 3000, 0.5626340000000001, 0.00025, 22.74, 337
666, 3000, 0.56196, 0.00025, 135.49, 333
667, 3000, 0.561294, 0.00025, -120.93, 293
668, 3000, 0.560708, 0.00025, -24.40, 331
669, 3000, 0.560046, 0.00025, -97.39, 220
670, 3000, 0.559606, 0.00025, 11.11, 328
671, 3000, 0.5589500000000001, 0.00025, 74.34, 337
672, 3000, 0.558276, 0.00025, -114.03, 328
673, 3000, 0.55762, 0.00025, -116.09, 280
674, 3000, 0.55706, 0.00025, -114.51, 260
675, 3000, 0.55654, 0.00025, -23.57, 330
676, 3000, 0.5558799999999999, 0.00025, 93.33, 338
677, 3000, 0.555204, 0.00025, 147.46, 335
678, 3000, 0.5545340000000001, 0.00025, 25.00, 331
679, 3000, 0.5538719999999999, 0.00025, 38.58, 334
680, 3000, 0.553204, 0.00025, -51.07, 329
681, 3000, 0.552546, 0.00025, -22.03, 338
682, 3000, 0.5518700000000001, 0.00025, -22.48, 337
683, 3000, 0.551196, 0.00025, -18.03, 342
684, 3000, 0.550512, 0.00025, 106.52, 335
685, 3000, 0.5498419999999999, 0.00025, 83.82, 333
686, 3000, 0.549176, 0.00025, 21.79, 336
687, 3000, 0.548504, 0.00025, -32.04, 338
688, 3000, 0.547828, 0.00025, 50.38, 328
689, 3000, 0.547172, 0.00025, 44.40, 337
690, 3000, 0.5464979999999999, 0.00025, -75.61, 231
691, 3000, 0.546036, 0.00025, 204.88, 337
692, 3000, 0.545362, 0.00025, 123.88, 328
693, 3000, 0.544706, 0.00025, -18.15, 325
694, 3000, 0.544056, 0.00025, 63.50, 343
695, 3000, 0.54337, 0.00025, -51.85, 327
696, 3000, 0.542716, 0.00025, 216.50, 335
697, 3000, 0.542046, 0.00025, 325.09, 333
698, 3000, 0.54138, 0.00025, 225.09, 333
699, 3000, 0.5407139999999999, 0.00025, 210.47, 332
700, 3000, 0.5400499999999999, 0.00025, 126.23, 334
701, 3000, 0.539382, 0.00025, 242.41, 327
702, 3000, 0.538728, 0.00025, -23.88, 339
703, 3000, 0.5380499999999999, 0.00025, 146.58, 329
704, 3000, 0.537392, 0.00025, -21.14, 328
705, 3000, 0.536736, 0.00025, -5.08, 335
706, 3000, 0.5360659999999999, 0.00025, 205.97, 329
707, 3000, 0.535408, 0.00025, 266.67, 344
708, 3000, 0.53472, 0.00025, 194.78, 338
709, 3000, 0.534044, 0.00025, 338.78, 329
710, 3000, 0.533386, 0.00025, 178.57, 335
711, 3000, 0.532716, 0.00025, 288.06, 334
712, 3000, 0.5320480000000001, 0.00025, 173.65, 332
713, 3000, 0.5313840000000001, 0.00025, 368.09, 342
714, 3000, 0.5307, 0.00025, 71.14, 332
715, 3000, 0.530036, 0.00025, 185.22, 330
716, 3000, 0.5293760000000001, 0.00025, 226.73, 329
717, 3000, 0.528718, 0.00025, 206.75, 335
718, 3000, 0.5280480000000001, 0.00025, 56.79, 337
719, 3000, 0.527374, 0.00025, 226.32, 339
720, 3000, 0.526696, 0.00025, 101.32, 343
721, 3000, 0.52601, 0.00025, 162.77, 336
722, 3000, 0.5253380000000001, 0.00025, 82.14, 329
723, 3000, 0.52468, 0.00025, 261.70, 340
724, 3000, 0.524, 0.00025, 246.15, 334
725, 3000, 0.523332, 0.00025, 36.36, 337
726, 3000, 0.5226580000000001, 0.00025, 233.33, 338
727, 3000, 0.521982, 0.00025, 50.74, 337
728, 3000, 0.521308, 0.00025, 93.35, 330
729, 3000, 0.520648, 0.00025, 228.86, 328
730, 3000, 0.519992, 0.00025, 259.22, 333
731, 3000, 0.519326, 0.00025, 238.03, 329
732, 3000, 0.518668, 0.00025, 268.90, 332
733, 3000, 0.518004, 0.00025, 247.83, 332
734, 3000, 0.51734, 0.00025, 77.85, 338
735, 3000, 0.516664, 0.00025, 359.26, 340
736, 3000, 0.515984, 0.00025, 161.44, 337
737, 3000, 0.5153099999999999, 0.00025, 166.45, 340
738, 3000, 0.5146299999999999, 0.00025, 203.85, 335
739, 3000, 0.51396, 0.00025, 133.90, 335
740, 3000, 0.51329, 0.00025, 84.71, 335
741, 3000, 0.5126200000000001, 0.00025, 39.16, 337
742, 3000, 0.511946, 0.00025, 274.59, 318
743, 3000, 0.5113099999999999, 0.00025, 16.13, 335
744, 3000, 0.51064, 0.00025, 198.51, 334
745, 3000, 0.509972, 0.00025, -32.14, 273
746, 3000, 0.5094259999999999, 0.00025, 247.22, 330
747, 3000, 0.508766, 0.00025, 77.51, 334
748, 3000, 0.5080979999999999, 0.00025, 95.80, 332
749, 3000, 0.5074339999999999, 0.00025, 157.58, 336
750, 3000, 0.5067619999999999, 0.00025, 92.77, 339
751, 3000, 0.506084, 0.00025, 200.72, 331
752, 3000, 0.505422, 0.00025, 201.16, 327
753, 3000, 0.504768, 0.00025, 293.70, 333
754, 3000, 0.504102, 0.00025, 145.73, 342
755, 3000, 0.5034179999999999, 0.00025, 38.58, 339
756, 3000, 0.50274, 0.00025, 179.69, 338
757, 3000, 0.5020640000000001, 0.00025, 158.28, 338
758, 3000, 0.501388, 0.00025, 264.62, 340
759, 3000, 0.5007079999999999, 0.00025, 248.53, 332
760, 3000, 0.5000439999999999, 0.00025, 82.13, 333
761, 3000, 0.499378, 0.00025, 135.29, 333
762, 3000, 0.49871200000000004, 0.00025, 263.28, 336
763, 3000, 0.49804000000000004, 0.00025, 137.29, 330
764, 3000, 0.49738000000000004, 0.00025, 322.82, 335
765, 3000, 0.49671, 0.00025, 456.45, 334
766, 3000, 0.496042, 0.00025, 134.94, 332
767, 3000, 0.495378, 0.00025, 78.69, 328
768, 3000, 0.494722, 0.00025, 261.70, 334
769, 3000, 0.494054, 0.00025, 335.37, 337
770, 3000, 0.49338000000000004, 0.00025, 94.44, 331
771, 3000, 0.492718, 0.00025, 202.24, 329
772, 3000, 0.49206000000000005, 0.00025, 250.36, 331
773, 3000, 0.491398, 0.00025, 348.91, 335
774, 3000, 0.49072800000000005, 0.00025, 203.89, 337
775, 3000, 0.490054, 0.00025, 176.36, 329
776, 3000, 0.48939600000000005, 0.00025, 125.81, 328
777, 3000, 0.48873999999999995, 0.00025, 5.88, 330
778, 3000, 0.48807999999999996, 0.00025, 345.51, 332
779, 3000, 0.48741599999999996, 0.00025, 81.21, 327
780, 3000, 0.48676200000000003, 0.00025, 300.00, 336
781, 3000, 0.48609, 0.00025, 213.33, 322
782, 3000, 0.48544600000000004, 0.00025, 377.97, 336
783, 3000, 0.48477400000000004, 0.00025, 252.54, 329
784, 3000, 0.484116, 0.00025, -105.18, 166
785, 3000, 0.483784, 0.00025, 381.93, 332
786, 3000, 0.48312, 0.00025, 492.98, 329
787, 3000, 0.48246199999999995, 0.00025, 244.09, 335
788, 3000, 0.481792, 0.00025, 406.80, 335
789, 3000, 0.48112200000000005, 0.00025, 207.17, 340
790, 3000, 0.48044200000000004, 0.00025, 52.32, 339
791, 3000, 0.47976399999999997, 0.00025, 380.29, 340
792, 3000, 0.47908399999999995, 0.00025, 350.55, 331
793, 3000, 0.478422, 0.00025, 375.52, 332
794, 3000, 0.477758, 0.00025, 295.19, 330
795, 3000, 0.477098, 0.00025, 462.50, 337
796, 3000, 0.47642399999999996, 0.00025, 329.12, 335
797, 3000, 0.475754, 0.00025, 343.40, 328
798, 3000, 0.475098, 0.00025, 335.61, 338
799, 3000, 0.474422, 0.00025, 129.56, 339
800, 3000, 0.47374400000000005, 0.00025, 206.19, 339
801, 3000, 0.473066, 0.00025, 219.22, 336
802, 3000, 0.472394, 0.00025, 346.81, 343
803, 3000, 0.471708, 0.00025, 369.92, 334
804, 3000, 0.47104, 0.00025, 428.69, 334
805, 3000, 0.470372, 0.00025, 200.34, 341
806, 3000, 0.46969000000000005, 0.00025, -3.57, 340
807, 3000, 0.46901000000000004, 0.00025, 388.67, 339
808, 3000, 0.46833199999999997, 0.00025, 191.23, 336
809, 3000, 0.46765999999999996, 0.00025, 263.35, 334
810, 3000, 0.46699199999999996, 0.00025, 167.56, 339
811, 3000, 0.466314, 0.00025, 174.91, 334
812, 3000, 0.465646, 0.00025, 235.74, 330
813, 3000, 0.464986, 0.00025, 288.89, 339
814, 3000, 0.46430800000000005, 0.00025, 248.68, 324
815, 3000, 0.46365999999999996, 0.00025, 339.87, 326
816, 3000, 0.463008, 0.00025, 354.23, 332
817, 3000, 0.462344, 0.00025, 413.11, 335
818, 3000, 0.46167400000000003, 0.00025, 382.14, 325
819, 3000, 0.461024, 0.00025, 223.84, 337
820, 3000, 0.46035000000000004, 0.00025, 185.26, 333
821, 3000, 0.459684, 0.00025, 290.88, 335
822, 3000, 0.45901400000000003, 0.00025, 198.93, 338
823, 3000, 0.458338, 0.00025, 360.00, 343
824, 3000, 0.45765199999999995, 0.00025, 254.84, 330
825, 3000, 0.45699199999999995, 0.00025, 374.52, 327
826, 3000, 0.456338, 0.00025, 239.22, 335
827, 3000, 0.45566799999999996, 0.00025, 339.56, 339
828, 3000, 0.45499, 0.00025, 382.35, 339
829, 3000, 0.45431200000000005, 0.00025, 191.02, 320
830, 3000, 0.45367199999999996, 0.00025, 449.65, 324
831, 3000, 0.453024, 0.00025, 408.96, 327
832, 3000, 0.45237000000000005, 0.00025, 441.22, 329
833, 3000, 0.451712, 0.00025, 263.28, 338
834, 3000, 0.451036, 0.00025, 352.53, 339
835, 3000, 0.45035800000000004, 0.00025, 167.72, 325
836, 3000, 0.449708, 0.00025, 212.08, 335
837, 3000, 0.44903800000000005, 0.00025, 100.00, 332
838, 3000, 0.44837400000000005, 0.00025, 303.57, 327
839, 3000, 0.44772, 0.00025, 130.24, 336
840, 3000, 0.447048, 0.00025, 235.35, 335
841, 3000, 0.44637800000000005, 0.00025, 378.11, 331
842, 3000, 0.445716, 0.00025, 396.43, 329
843, 3000, 0.44505799999999995, 0.00025, 308.16, 330
844, 3000, 0.44439799999999996, 0.00025, 297.35, 336
845, 3000, 0.44372599999999995, 0.00025, 361.83, 332
846, 3000, 0.44306199999999996, 0.00025, 110.88, 332
847, 3000, 0.44239799999999996, 0.00025, 241.94, 331
848, 3000, 0.441736, 0.00025, 314.89, 332
849, 3000, 0.441072, 0.00025, 276.95, 334
850, 3000, 0.440404, 0.00025, 325.25, 335
851, 3000, 0.43973399999999996, 0.00025, 369.75, 337
852, 3000, 0.43906, 0.00025, 503.24, 329
853, 3000, 0.43840199999999996, 0.00025, 327.01, 327
854, 3000, 0.437748, 0.00025, 323.20, 337
855, 3000, 0.43707399999999996, 0.00025, 420.98, 333
856, 3000, 0.436408, 0.00025, 420.27, 334
857, 3000, 0.43574, 0.00025, 401.56, 335
858, 3000, 0.43506999999999996, 0.00025, 400.00, 339
859, 3000, 0.434392, 0.00025, 99.34, 325
860, 3000, 0.43374199999999996, 0.00025, 224.84, 329
861, 3000, 0.433084, 0.00025, 526.87, 342
862, 3000, 0.4324, 0.00025, 425.10, 328
863, 3000, 0.431744, 0.00025, 284.87, 324
864, 3000, 0.43109600000000003, 0.00025, 345.54, 333
865, 3000, 0.43043, 0.00025, 246.80, 334
866, 3000, 0.429762, 0.00025, 519.93, 332
867, 3000, 0.429098, 0.00025, 389.66, 336
868, 3000, 0.428426, 0.00025, 405.45, 324
869, 3000, 0.427778, 0.00025, 300.74, 337
870, 3000, 0.42710400000000004, 0.00025, 113.65, 329
871, 3000, 0.426446, 0.00025, 305.51, 333
872, 3000, 0.42578000000000005, 0.00025, 140.13, 322
873, 3000, 0.42513599999999996, 0.00025, 319.01, 343
874, 3000, 0.42445, 0.00025, 583.85, 333
875, 3000, 0.42378400000000005, 0.00025, 483.33, 337
876, 3000, 0.42311, 0.00025, 154.49, 340
877, 3000, 0.42242999999999997, 0.00025, 335.22, 335
878, 3000, 0.42176, 0.00025, 225.09, 339
879, 3000, 0.42108199999999996, 0.00025, 466.41, 331
880, 3000, 0.42042, 0.00025, 320.56, 332
881, 3000, 0.419756, 0.00025, 300.70, 336
882, 3000, 0.419084, 0.00025, 452.45, 336
883, 3000, 0.418412, 0.00025, 340.00, 332
884, 3000, 0.417748, 0.00025, 318.52, 332
885, 3000, 0.417084, 0.00025, 403.01, 334
886, 3000, 0.416416, 0.00025, 329.55, 333
887, 3000, 0.41574999999999995, 0.00025, 356.45, 338
888, 3000, 0.41507400000000005, 0.00025, 340.37, 332
889, 3000, 0.41440999999999995, 0.00025, 237.66, 337
890, 3000, 0.413736, 0.00025, 342.11, 339
891, 3000, 0.41305800000000004, 0.00025, 364.03, 328
892, 3000, 0.41240200000000005, 0.00025, 543.38, 339
893, 3000, 0.411724, 0.00025, 596.32, 333
894, 3000, 0.41105800000000003, 0.00025, 262.18, 319
895, 3000, 0.41042, 0.00025, 91.18, 336
896, 3000, 0.409748, 0.00025, 354.55, 338
897, 3000, 0.409072, 0.00025, 594.63, 336
898, 3000, 0.4084, 0.00025, 366.67, 335
899, 3000, 0.40773000000000004, 0.00025, 442.94, 334
900, 3000, 0.40706200000000003, 0.00025, 418.52, 329
901, 3000, 0.406404, 0.00025, 483.61, 334
902, 3000, 0.405736, 0.00025, 474.07, 341
903, 3000, 0.405054, 0.00025, 447.47, 333
904, 3000, 0.40438799999999997, 0.00025, 468.49, 330
905, 3000, 0.403728, 0.00025, 495.51, 335
906, 3000, 0.403058, 0.00025, 539.86, 329
907, 3000, 0.4024, 0.00025, 329.53, 342
908, 3000, 0.40171599999999996, 0.00025, 388.64, 340
909, 3000, 0.40103599999999995, 0.00025, 554.55, 338
910, 3000, 0.40036000000000005, 0.00025, 560.00, 331
911, 3000, 0.399698, 0.00025, 502.89, 343
912, 3000, 0.39901200000000003, 0.00025, 384.21, 333
913, 3000, 0.398346, 0.00025, 263.64, 334
914, 3000, 0.397678, 0.00025, 240.84, 330
915, 3000, 0.397018, 0.00025, 507.97, 332
916, 3000, 0.396354, 0.00025, 408.20, 329
917, 3000, 0.39569600000000005, 0.00025, 345.18, 331
918, 3000, 0.395034, 0.00025, 383.66, 331
919, 3000, 0.39437199999999994, 0.00025, 496.72, 332
920, 3000, 0.39370799999999995, 0.00025, 506.50, 335
921, 3000, 0.393038, 0.00025, 394.46, 333
922, 3000, 0.39237200000000005, 0.00025, 544.93, 332
923, 3000, 0.39170799999999995, 0.00025, 483.05, 330
924, 3000, 0.39104799999999995, 0.00025, 414.71, 326
925, 3000, 0.39039599999999997, 0.00025, 341.70, 334
926, 3000, 0.38972799999999996, 0.00025, 506.16, 331
927, 3000, 0.389066, 0.00025, 363.33, 322
928, 3000, 0.38842200000000005, 0.00025, 658.12, 344
929, 3000, 0.387734, 0.00025, 485.82, 336
930, 3000, 0.387062, 0.00025, 395.21, 337
931, 3000, 0.38638799999999995, 0.00025, 456.34, 342
932, 3000, 0.38570400000000005, 0.00025, 449.83, 330
933, 3000, 0.38504400000000005, 0.00025, 396.58, 330
934, 3000, 0.38438399999999995, 0.00025, 429.62, 333
935, 3000, 0.383718, 0.00025, 535.34, 328
936, 3000, 0.383062, 0.00025, 439.86, 337
937, 3000, 0.38238799999999995, 0.00025, 550.68, 336
938, 3000, 0.38171600000000006, 0.00025, 592.02, 337
939, 3000, 0.381042, 0.00025, 514.50, 328
940, 3000, 0.380386, 0.00025, 385.05, 336
941, 3000, 0.379714, 0.00025, 161.74, 328
942, 3000, 0.379058, 0.00025, 360.57, 340
943, 3000, 0.378378, 0.00025, 497.27, 333
944, 3000, 0.37771200000000005, 0.00025, 603.42, 335
945, 3000, 0.377042, 0.00025, 485.27, 329
946, 3000, 0.37638400000000005, 0.00025, 425.37, 326
947, 3000, 0.37573199999999995, 0.00025, 532.96, 332
948, 3000, 0.37506799999999996, 0.00025, 300.00, 343
949, 3000, 0.374382, 0.00025, 392.81, 336
950, 3000, 0.37371, 0.00025, 359.26, 332
951, 3000, 0.373046, 0.00025, 812.09, 346
952, 3000, 0.37235399999999996, 0.00025, 522.30, 332
953, 3000, 0.37168999999999996, 0.00025, 510.94, 328
954, 3000, 0.371034, 0.00025, 336.24, 339
955, 3000, 0.370356, 0.00025, 500.00, 337
956, 3000, 0.36968199999999996, 0.00025, 483.61, 334
957, 3000, 0.36901399999999995, 0.00025, 221.23, 336
958, 3000, 0.36834199999999995, 0.00025, 554.36, 329
959, 3000, 0.367684, 0.00025, 503.39, 338
960, 3000, 0.367008, 0.00025, 392.70, 335
961, 3000, 0.36633800000000005, 0.00025, 411.95, 331
962, 3000, 0.365676, 0.00025, 315.43, 335
963, 3000, 0.36500600000000005, 0.00025, 344.79, 340
964, 3000, 0.36432600000000004, 0.00025, 622.02, 330
965, 3000, 0.36366600000000004, 0.00025, 359.38, 333
966, 3000, 0.363, 0.00025, 628.94, 328
967, 3000, 0.362344, 0.00025, 511.32, 324
968, 3000, 0.361696, 0.00025, 460.37, 341
969, 3000, 0.36101399999999995, 0.00025, 603.59, 337
970, 3000, 0.36034, 0.00025, 550.35, 338
971, 3000, 0.359664, 0.00025, 514.17, 333
972, 3000, 0.35899800000000004, 0.00025, 466.18, 331
973, 3000, 0.358336, 0.00025, 420.00, 335
974, 3000, 0.35766600000000004, 0.00025, 569.04, 332
975, 3000, 0.35700200000000004, 0.00025, 434.01, 337
976, 3000, 0.356328, 0.00025, 513.24, 332
977, 3000, 0.355664, 0.00025, 276.44, 332
978, 3000, 0.355, 0.00025, 391.53, 332
979, 3000, 0.354336, 0.00025, 512.55, 333
980, 3000, 0.35367000000000004, 0.00025, 570.18, 334
981, 3000, 0.35300200000000004, 0.00025, 328.57, 334
982, 3000, 0.35233400000000004, 0.00025, 380.83, 341
983, 3000, 0.35165199999999996, 0.00025, 359.73, 334
984, 3000, 0.35098399999999996, 0.00025, 647.21, 336
985, 3000, 0.35031199999999996, 0.00025, 412.05, 335
986, 3000, 0.349642, 0.00025, 471.92, 336
987, 3000, 0.34897, 0.00025, 94.97, 336
988, 3000, 0.348298, 0.00025, 126.99, 330
989, 3000, 0.347638, 0.00025, 461.22, 331
990, 3000, 0.34697599999999995, 0.00025, 552.92, 335
991, 3000, 0.346306, 0.00025, 740.14, 334
992, 3000, 0.345638, 0.00025, 398.27, 343
993, 3000, 0.34495200000000004, 0.00025, 398.10, 333
994, 3000, 0.344286, 0.00025, 366.67, 336
995, 3000, 0.343614, 0.00025, 561.82, 339
996, 3000, 0.342936, 0.00025, 517.16, 327
997, 3000, 0.342282, 0.00025, 589.42, 342
998, 3000, 0.34159799999999996, 0.00025, 716.33, 330
999, 3000, 0.34093799999999996, 0.00025, 456.25, 331
1000, 3000, 0.340276, 0.00025, 516.39, 330
1001, 3000, 0.33961600000000003, 0.00025, 568.97, 339
1002, 3000, 0.33893799999999996, 0.00025, 563.08, 325
1003, 3000, 0.33828800000000003, 0.00025, 612.77, 341
1004, 3000, 0.33760599999999996, 0.00025, 419.11, 340
1005, 3000, 0.33692599999999995, 0.00025, 568.85, 338
1006, 3000, 0.33625000000000005, 0.00025, 632.09, 333
1007, 3000, 0.335584, 0.00025, 460.40, 332
1008, 3000, 0.33492, 0.00025, 548.08, 331
1009, 3000, 0.33425800000000006, 0.00025, 777.47, 334
1010, 3000, 0.33359000000000005, 0.00025, 654.65, 338
1011, 3000, 0.33291400000000004, 0.00025, 446.62, 342
1012, 3000, 0.33223, 0.00025, 726.92, 333
1013, 3000, 0.33156399999999997, 0.00025, 681.46, 328
1014, 3000, 0.330908, 0.00025, 576.57, 331
1015, 3000, 0.33024600000000004, 0.00025, 430.74, 337
1016, 3000, 0.329572, 0.00025, 564.38, 330
1017, 3000, 0.328912, 0.00025, 738.35, 328
1018, 3000, 0.328256, 0.00025, 567.64, 331
1019, 3000, 0.32759400000000005, 0.00025, 446.05, 333
1020, 3000, 0.326928, 0.00025, 636.30, 340
1021, 3000, 0.326248, 0.00025, 767.99, 328
1022, 3000, 0.325592, 0.00025, 344.44, 326
1023, 3000, 0.32494, 0.00025, 845.65, 335
1024, 3000, 0.32426999999999995, 0.00025, 627.27, 335
1025, 3000, 0.3236, 0.00025, 520.81, 331
1026, 3000, 0.32293799999999995, 0.00025, 628.76, 330
1027, 3000, 0.32227799999999995, 0.00025, 634.69, 337
1028, 3000, 0.321604, 0.00025, 439.39, 324
1029, 3000, 0.320956, 0.00025, 629.10, 332
1030, 3000, 0.320292, 0.00025, 325.61, 335
1031, 3000, 0.31962199999999996, 0.00025, 514.58, 341
1032, 3000, 0.31894, 0.00025, 568.99, 333
1033, 3000, 0.31827399999999995, 0.00025, 585.12, 335
1034, 3000, 0.317604, 0.00025, 739.36, 337
1035, 3000, 0.31693000000000005, 0.00025, 675.58, 335
1036, 3000, 0.31626, 0.00025, 578.81, 341
1037, 3000, 0.315578, 0.00025, 325.32, 330
1038, 3000, 0.31491800000000003, 0.00025, 606.45, 336
1039, 3000, 0.314246, 0.00025, 541.89, 333
1040, 3000, 0.31357999999999997, 0.00025, 702.33, 335
